{
  "gamma": 5.78682493157684,
  "K_g": {
    "gatewayA": 38.63394161948398,
    "gatewayB": 67.10736745155256,
    "gatewayC": 13.454079601276476
  },
  "f_hz": 915000000.0,
  "Pt_dbm": 14.0,
  "d0_m": 1.0
}